-- Large relation insert data for partnership_db
-- Generated from CS4420-DDL.sql
USE partnership_db;
SET FOREIGN_KEY_CHECKS=0;
DELETE FROM Feedback;
DELETE FROM Payment;
DELETE FROM Invoice;
DELETE FROM Contribution;
DELETE FROM EventParticipants;
DELETE FROM Agreement;
DELETE FROM ContactPoint;
DELETE FROM PartnerAffiliation;
DELETE FROM CollaborationEvent;
DELETE FROM Partner;
DELETE FROM OrganizationalUnit;
SET FOREIGN_KEY_CHECKS=1;

INSERT INTO OrganizationalUnit (unit_id, name, unit_type, description) VALUES
  (1, 'Example University', 'University', 'Main university unit (single university for this DB).'),
  (2, 'Faculty of Engineering', 'Faculty', 'Engineering faculty.'),
  (3, 'Faculty of Science', 'Faculty', 'Science faculty.'),
  (4, 'Faculty of Business', 'Faculty', 'Business school.'),
  (5, 'Faculty of Arts', 'Faculty', 'Arts and humanities faculty.'),
  (6, 'Department of Computer Science', 'Department', 'CS department under Faculty of Science.'),
  (7, 'Department of Electrical Engineering', 'Department', 'EE department under Faculty of Engineering.'),
  (8, 'Department of Mechanical Engineering', 'Department', 'ME department under Faculty of Engineering.'),
  (9, 'Department of Data Science', 'Department', 'DS department under Faculty of Science.'),
  (10, 'Department of Finance', 'Department', 'Finance department under Faculty of Business.'),
  (11, 'AI & Robotics Lab', 'Lab', 'Research lab focusing on AI/Robotics.'),
  (12, 'Cybersecurity Lab', 'Lab', 'Security research and training lab.'),
  (13, 'Sustainability Research Center', 'Center', 'Interdisciplinary sustainability center.'),
  (14, 'Entrepreneurship & Innovation Center', 'Center', 'Startup incubation and innovation hub.'),
  (15, 'Biotech Lab', 'Lab', 'Applied biotech and diagnostics lab.'),
  (16, 'Digital Humanities Lab', 'Lab', 'Computational methods for humanities research.'),
  (17, 'Smart Manufacturing Center', 'Center', 'Industry 4.0 and smart factory initiatives.'),
  (18, 'Health Informatics Lab', 'Lab', 'Clinical data and health IT research.'),
  (19, 'International Relations Office', 'Department', 'Partnership coordination unit.'),
  (20, 'Continuing Education Center', 'Center', 'Professional training and short courses.');
INSERT INTO Partner (partner_id, name, partner_type, status, website, industry, tax_code, notes) VALUES
  (1, 'Acme Robotics Co.', 'Non-profit', 'Prospect', 'https://partner01.example.org', 'Energy', 'TAX-000001', 'Sample partner record #1 for testing relationships.'),
  (2, 'GreenGrid Energy', 'Startup', 'Active', 'https://partner02.example.org', 'Healthcare', 'TAX-000002', 'Sample partner record #2 for testing relationships.'),
  (3, 'City Tech Council', 'Non-profit', 'Active', 'https://partner03.example.org', 'Technology', 'TAX-000003', 'Sample partner record #3 for testing relationships.'),
  (4, 'Nova Health Systems', 'Company', 'Prospect', 'https://partner04.example.org', 'Education', 'TAX-000004', 'Sample partner record #4 for testing relationships.'),
  (5, 'FinSight Analytics', 'Company', 'Active', 'https://partner05.example.org', 'Agriculture', 'TAX-000005', 'Sample partner record #5 for testing relationships.'),
  (6, 'Partner 06', 'Individual', 'Active', 'https://partner06.example.org', 'Logistics', 'TAX-000006', 'Sample partner record #6 for testing relationships.'),
  (7, 'Partner 07', 'Association', 'Inactive', 'https://partner07.example.org', 'Technology', 'TAX-000007', 'Sample partner record #7 for testing relationships.'),
  (8, 'Partner 08', 'Government', 'Active', 'https://partner08.example.org', 'Manufacturing', 'TAX-000008', 'Sample partner record #8 for testing relationships.'),
  (9, 'Partner 09', 'Association', 'Prospect', 'https://partner09.example.org', 'Manufacturing', 'TAX-000009', 'Sample partner record #9 for testing relationships.'),
  (10, 'Partner 10', 'Non-profit', 'Prospect', 'https://partner10.example.org', 'Healthcare', 'TAX-000010', 'Sample partner record #10 for testing relationships.'),
  (11, 'Partner 11', 'Organization', 'Inactive', 'https://partner11.example.org', 'Logistics', 'TAX-000011', 'Sample partner record #11 for testing relationships.'),
  (12, 'Partner 12', 'Association', 'Inactive', 'https://partner12.example.org', 'Telecom', 'TAX-000012', 'Sample partner record #12 for testing relationships.'),
  (13, 'Partner 13', 'Non-profit', 'Suspended', 'https://partner13.example.org', 'Retail', 'TAX-000013', 'Sample partner record #13 for testing relationships.'),
  (14, 'Partner 14', 'Non-profit', 'Active', 'https://partner14.example.org', 'Logistics', 'TAX-000014', 'Sample partner record #14 for testing relationships.'),
  (15, 'Partner 15', 'Organization', 'Active', 'https://partner15.example.org', 'Healthcare', 'TAX-000015', 'Sample partner record #15 for testing relationships.'),
  (16, 'Partner 16', 'Company', 'Active', 'https://partner16.example.org', 'Energy', 'TAX-000016', 'Sample partner record #16 for testing relationships.'),
  (17, 'Partner 17', 'Non-profit', 'Inactive', 'https://partner17.example.org', 'Healthcare', 'TAX-000017', 'Sample partner record #17 for testing relationships.'),
  (18, 'Partner 18', 'Individual', 'Active', 'https://partner18.example.org', 'Manufacturing', 'TAX-000018', 'Sample partner record #18 for testing relationships.'),
  (19, 'Partner 19', 'Government', 'Active', 'https://partner19.example.org', 'Education', 'TAX-000019', 'Sample partner record #19 for testing relationships.'),
  (20, 'Partner 20', 'Association', 'Active', 'https://partner20.example.org', 'Healthcare', 'TAX-000020', 'Sample partner record #20 for testing relationships.'),
  (21, 'Partner 21', 'Government', 'Active', 'https://partner21.example.org', 'Education', 'TAX-000021', 'Sample partner record #21 for testing relationships.'),
  (22, 'Partner 22', 'Government', 'Active', 'https://partner22.example.org', 'Energy', 'TAX-000022', 'Sample partner record #22 for testing relationships.'),
  (23, 'Partner 23', 'Startup', 'Active', 'https://partner23.example.org', 'Technology', 'TAX-000023', 'Sample partner record #23 for testing relationships.'),
  (24, 'Partner 24', 'Startup', 'Inactive', 'https://partner24.example.org', 'Manufacturing', 'TAX-000024', 'Sample partner record #24 for testing relationships.'),
  (25, 'Partner 25', 'Individual', 'Active', 'https://partner25.example.org', 'Education', 'TAX-000025', 'Sample partner record #25 for testing relationships.'),
  (26, 'Partner 26', 'Organization', 'Active', 'https://partner26.example.org', 'Telecom', 'TAX-000026', 'Sample partner record #26 for testing relationships.'),
  (27, 'Partner 27', 'Individual', 'Inactive', 'https://partner27.example.org', 'Telecom', 'TAX-000027', 'Sample partner record #27 for testing relationships.'),
  (28, 'Partner 28', 'Government', 'Active', 'https://partner28.example.org', 'Education', 'TAX-000028', 'Sample partner record #28 for testing relationships.'),
  (29, 'Partner 29', 'Association', 'Active', 'https://partner29.example.org', 'Retail', 'TAX-000029', 'Sample partner record #29 for testing relationships.'),
  (30, 'Partner 30', 'Individual', 'Active', 'https://partner30.example.org', 'Finance', 'TAX-000030', 'Sample partner record #30 for testing relationships.'),
  (31, 'Partner 31', 'Other', 'Prospect', 'https://partner31.example.org', 'Technology', 'TAX-000031', 'Sample partner record #31 for testing relationships.'),
  (32, 'Partner 32', 'Non-profit', 'Prospect', 'https://partner32.example.org', 'Finance', 'TAX-000032', 'Sample partner record #32 for testing relationships.'),
  (33, 'Partner 33', 'Individual', 'Active', 'https://partner33.example.org', 'Retail', 'TAX-000033', 'Sample partner record #33 for testing relationships.'),
  (34, 'Partner 34', 'Individual', 'Active', 'https://partner34.example.org', 'Telecom', 'TAX-000034', 'Sample partner record #34 for testing relationships.'),
  (35, 'Partner 35', 'Association', 'Suspended', 'https://partner35.example.org', 'Technology', 'TAX-000035', 'Sample partner record #35 for testing relationships.'),
  (36, 'Partner 36', 'Non-profit', 'Active', 'https://partner36.example.org', 'Agriculture', 'TAX-000036', 'Sample partner record #36 for testing relationships.'),
  (37, 'Partner 37', 'Association', 'Active', 'https://partner37.example.org', 'Manufacturing', 'TAX-000037', 'Sample partner record #37 for testing relationships.'),
  (38, 'Partner 38', 'Non-profit', 'Active', 'https://partner38.example.org', 'Finance', 'TAX-000038', 'Sample partner record #38 for testing relationships.'),
  (39, 'Partner 39', 'Other', 'Prospect', 'https://partner39.example.org', 'Energy', 'TAX-000039', 'Sample partner record #39 for testing relationships.'),
  (40, 'Partner 40', 'Government', 'Active', 'https://partner40.example.org', 'Healthcare', 'TAX-000040', 'Sample partner record #40 for testing relationships.');
INSERT INTO CollaborationEvent (event_id, primary_partner_id, title, description, event_type, location, start_date, end_date) VALUES
  (1, 20, 'AI Industry Roundtable', 'Sample description for AI Industry Roundtable.', 'Other', 'Online', '2024-01-29', '2024-01-30'),
  (2, 10, 'Sustainable Energy Workshop', 'Sample description for Sustainable Energy Workshop.', 'Training', 'On-campus', '2024-02-12', '2024-02-13'),
  (3, 35, 'Cybersecurity Training Bootcamp', 'Sample description for Cybersecurity Training Bootcamp.', 'Other', 'Hybrid', '2024-02-26', '2024-02-26'),
  (4, 39, 'Collaboration Event 04', 'Sample description for Collaboration Event 04.', 'Training', 'Khon Kaen', '2024-03-11', '2024-03-11'),
  (5, 8, 'Collaboration Event 05', 'Sample description for Collaboration Event 05.', 'Training', 'On-campus', '2024-03-25', '2024-03-27'),
  (6, 16, 'Collaboration Event 06', 'Sample description for Collaboration Event 06.', 'Meeting', 'Chiang Mai', '2024-04-08', '2024-04-08'),
  (7, 6, 'Collaboration Event 07', 'Sample description for Collaboration Event 07.', 'Conference', 'Khon Kaen', '2024-04-22', '2024-04-22'),
  (8, 35, 'Collaboration Event 08', 'Sample description for Collaboration Event 08.', 'Other', 'Chiang Mai', '2024-05-06', '2024-05-07'),
  (9, 31, 'Collaboration Event 09', 'Sample description for Collaboration Event 09.', 'Roundtable', 'Chiang Mai', '2024-05-20', '2024-05-22'),
  (10, 34, 'Collaboration Event 10', 'Sample description for Collaboration Event 10.', 'Other', 'Hybrid', '2024-06-03', '2024-06-06'),
  (11, 14, 'Collaboration Event 11', 'Sample description for Collaboration Event 11.', 'Roundtable', 'On-campus', '2024-06-17', '2024-06-18'),
  (12, 20, 'Collaboration Event 12', 'Sample description for Collaboration Event 12.', 'Competition', 'Online', '2024-07-01', '2024-07-03'),
  (13, 29, 'Collaboration Event 13', 'Sample description for Collaboration Event 13.', 'Roundtable', 'Khon Kaen', '2024-07-15', '2024-07-15'),
  (14, 16, 'Collaboration Event 14', 'Sample description for Collaboration Event 14.', 'Workshop', 'Bangkok', '2024-07-29', '2024-07-31'),
  (15, 2, 'Collaboration Event 15', 'Sample description for Collaboration Event 15.', 'Roundtable', 'Hybrid', '2024-08-12', '2024-08-13'),
  (16, 38, 'Collaboration Event 16', 'Sample description for Collaboration Event 16.', 'Workshop', 'Bangkok', '2024-08-26', '2024-08-26'),
  (17, 4, 'Collaboration Event 17', 'Sample description for Collaboration Event 17.', 'Workshop', 'Bangkok', '2024-09-09', '2024-09-09'),
  (18, 22, 'Collaboration Event 18', 'Sample description for Collaboration Event 18.', 'Meeting', 'Hybrid', '2024-09-23', '2024-09-24'),
  (19, 18, 'Collaboration Event 19', 'Sample description for Collaboration Event 19.', 'Conference', 'Khon Kaen', '2024-10-07', '2024-10-08'),
  (20, 35, 'Collaboration Event 20', 'Sample description for Collaboration Event 20.', 'Workshop', 'Online', '2024-10-21', '2024-10-24'),
  (21, 16, 'Collaboration Event 21', 'Sample description for Collaboration Event 21.', 'Other', 'Khon Kaen', '2024-11-04', '2024-11-07'),
  (22, 13, 'Collaboration Event 22', 'Sample description for Collaboration Event 22.', 'Meeting', 'Bangkok', '2024-11-18', '2024-11-21'),
  (23, 23, 'Collaboration Event 23', 'Sample description for Collaboration Event 23.', 'Competition', 'Khon Kaen', '2024-12-02', '2024-12-05'),
  (24, 4, 'Collaboration Event 24', 'Sample description for Collaboration Event 24.', 'Conference', 'Online', '2024-12-16', '2024-12-16'),
  (25, 4, 'Collaboration Event 25', 'Sample description for Collaboration Event 25.', 'Competition', 'Online', '2024-12-30', '2025-01-01'),
  (26, 7, 'Collaboration Event 26', 'Sample description for Collaboration Event 26.', 'Workshop', 'Chiang Mai', '2025-01-13', '2025-01-14'),
  (27, 35, 'Collaboration Event 27', 'Sample description for Collaboration Event 27.', 'Competition', 'Chiang Mai', '2025-01-27', '2025-01-30'),
  (28, 12, 'Collaboration Event 28', 'Sample description for Collaboration Event 28.', 'Training', 'Khon Kaen', '2025-02-10', '2025-02-11'),
  (29, 5, 'Collaboration Event 29', 'Sample description for Collaboration Event 29.', 'Competition', 'On-campus', '2025-02-24', '2025-02-24'),
  (30, 4, 'Collaboration Event 30', 'Sample description for Collaboration Event 30.', 'Conference', 'Hybrid', '2025-03-10', '2025-03-10');
INSERT INTO PartnerAffiliation (affiliation_id, partner_id, unit_id, start_date, remarks) VALUES
  (1, 1, 9, '2024-07-03', 'Affiliation between partner 01 and unit 09.'),
  (2, 2, 17, '2025-05-21', 'Affiliation between partner 02 and unit 17.'),
  (3, 3, 14, '2024-03-15', 'Affiliation between partner 03 and unit 14.'),
  (4, 4, 14, '2024-01-17', 'Affiliation between partner 04 and unit 14.'),
  (5, 5, 10, '2025-04-24', 'Affiliation between partner 05 and unit 10.'),
  (6, 6, 15, '2025-08-06', 'Affiliation between partner 06 and unit 15.'),
  (7, 7, 17, '2024-07-27', 'Affiliation between partner 07 and unit 17.'),
  (8, 7, 6, '2024-11-13', 'Affiliation between partner 07 and unit 06.'),
  (9, 8, 3, '2025-08-30', 'Affiliation between partner 08 and unit 03.'),
  (10, 9, 19, '2024-12-01', 'Affiliation between partner 09 and unit 19.'),
  (11, 9, 3, '2024-03-13', 'Affiliation between partner 09 and unit 03.'),
  (12, 10, 20, '2025-05-17', 'Affiliation between partner 10 and unit 20.'),
  (13, 11, 18, '2024-03-13', 'Affiliation between partner 11 and unit 18.'),
  (14, 11, 7, '2025-06-18', 'Affiliation between partner 11 and unit 07.'),
  (15, 12, 7, '2024-03-25', 'Affiliation between partner 12 and unit 07.'),
  (16, 13, 4, '2025-03-03', 'Affiliation between partner 13 and unit 04.'),
  (17, 13, 9, '2024-05-16', 'Affiliation between partner 13 and unit 09.'),
  (18, 14, 9, '2025-10-10', 'Affiliation between partner 14 and unit 09.'),
  (19, 14, 3, '2024-04-07', 'Affiliation between partner 14 and unit 03.'),
  (20, 15, 20, '2025-08-15', 'Affiliation between partner 15 and unit 20.'),
  (21, 16, 12, '2024-08-11', 'Affiliation between partner 16 and unit 12.'),
  (22, 16, 10, '2025-11-30', 'Affiliation between partner 16 and unit 10.'),
  (23, 17, 12, '2024-10-12', 'Affiliation between partner 17 and unit 12.'),
  (24, 17, 9, '2025-02-23', 'Affiliation between partner 17 and unit 09.'),
  (25, 18, 11, '2025-04-27', 'Affiliation between partner 18 and unit 11.'),
  (26, 19, 4, '2024-01-24', 'Affiliation between partner 19 and unit 04.'),
  (27, 20, 20, '2024-04-26', 'Affiliation between partner 20 and unit 20.'),
  (28, 21, 19, '2024-08-20', 'Affiliation between partner 21 and unit 19.'),
  (29, 22, 10, '2025-01-06', 'Affiliation between partner 22 and unit 10.'),
  (30, 22, 6, '2024-03-25', 'Affiliation between partner 22 and unit 06.'),
  (31, 23, 13, '2024-11-01', 'Affiliation between partner 23 and unit 13.'),
  (32, 24, 16, '2025-07-24', 'Affiliation between partner 24 and unit 16.'),
  (33, 25, 11, '2024-01-23', 'Affiliation between partner 25 and unit 11.'),
  (34, 25, 18, '2025-11-28', 'Affiliation between partner 25 and unit 18.'),
  (35, 26, 11, '2024-05-31', 'Affiliation between partner 26 and unit 11.'),
  (36, 26, 5, '2024-10-11', 'Affiliation between partner 26 and unit 05.'),
  (37, 27, 5, '2025-08-03', 'Affiliation between partner 27 and unit 05.'),
  (38, 28, 10, '2024-10-29', 'Affiliation between partner 28 and unit 10.'),
  (39, 29, 8, '2024-08-10', 'Affiliation between partner 29 and unit 08.'),
  (40, 29, 12, '2025-10-25', 'Affiliation between partner 29 and unit 12.'),
  (41, 30, 18, '2025-05-29', 'Affiliation between partner 30 and unit 18.'),
  (42, 31, 3, '2024-04-18', 'Affiliation between partner 31 and unit 03.'),
  (43, 32, 15, '2024-02-29', 'Affiliation between partner 32 and unit 15.'),
  (44, 32, 10, '2024-01-18', 'Affiliation between partner 32 and unit 10.'),
  (45, 33, 6, '2025-10-28', 'Affiliation between partner 33 and unit 06.'),
  (46, 34, 7, '2025-04-11', 'Affiliation between partner 34 and unit 07.'),
  (47, 35, 15, '2024-01-24', 'Affiliation between partner 35 and unit 15.'),
  (48, 35, 19, '2024-05-08', 'Affiliation between partner 35 and unit 19.'),
  (49, 36, 6, '2025-07-26', 'Affiliation between partner 36 and unit 06.'),
  (50, 37, 13, '2025-09-02', 'Affiliation between partner 37 and unit 13.'),
  (51, 38, 6, '2024-05-24', 'Affiliation between partner 38 and unit 06.'),
  (52, 38, 15, '2024-02-26', 'Affiliation between partner 38 and unit 15.'),
  (53, 39, 13, '2024-02-24', 'Affiliation between partner 39 and unit 13.'),
  (54, 40, 8, '2025-12-13', 'Affiliation between partner 40 and unit 08.');
INSERT INTO Agreement (agreement_id, title, affiliation_id, agreement_type, status, start_date, end_date, file_link) VALUES
  (1, 'MoUs for Partner 01 & Unit 09', 1, 'MoUs', 'Active', '2024-08-17', '2026-08-17', 'https://docs.example.org/agreements/0001.pdf'),
  (2, 'Contracts for Partner 02 & Unit 17', 2, 'Contracts', 'Suspended', '2025-06-09', '2025-12-06', 'https://docs.example.org/agreements/0002.pdf'),
  (3, 'MoUs for Partner 03 & Unit 14', 3, 'MoUs', 'Suspended', '2024-04-06', '2025-04-06', 'https://docs.example.org/agreements/0003.pdf'),
  (4, 'MoUs for Partner 04 & Unit 14', 4, 'MoUs', 'Prospect', '2024-02-28', '2025-02-27', 'https://docs.example.org/agreements/0004.pdf'),
  (5, 'LoIs for Partner 05 & Unit 10', 5, 'LoIs', 'Inactive', '2025-05-25', '2026-05-25', 'https://docs.example.org/agreements/0005.pdf'),
  (6, 'MoUs for Partner 06 & Unit 15', 6, 'MoUs', 'Active', '2025-08-19', '2026-08-19', 'https://docs.example.org/agreements/0006.pdf'),
  (7, 'MoUs for Partner 07 & Unit 17', 7, 'MoUs', 'Inactive', '2024-08-24', '2025-02-20', 'https://docs.example.org/agreements/0007.pdf'),
  (8, 'Contracts for Partner 07 & Unit 06', 8, 'Contracts', 'Active', '2024-12-12', '2025-06-10', 'https://docs.example.org/agreements/0008.pdf'),
  (9, 'MoUs for Partner 08 & Unit 03', 9, 'MoUs', 'Active', '2025-10-20', '2026-10-20', 'https://docs.example.org/agreements/0009.pdf'),
  (10, 'Contracts for Partner 09 & Unit 19', 10, 'Contracts', 'Inactive', '2025-01-05', '2026-01-05', 'https://docs.example.org/agreements/0010.pdf'),
  (11, 'LoIs for Partner 09 & Unit 03', 11, 'LoIs', 'Active', '2024-06-07', '2026-06-07', 'https://docs.example.org/agreements/0011.pdf'),
  (12, 'Contracts for Partner 10 & Unit 20', 12, 'Contracts', 'Suspended', '2025-05-31', '2026-05-31', 'https://docs.example.org/agreements/0012.pdf'),
  (13, 'MoUs for Partner 11 & Unit 18', 13, 'MoUs', 'Active', '2024-04-15', '2024-10-12', 'https://docs.example.org/agreements/0013.pdf'),
  (14, 'MoUs for Partner 11 & Unit 07', 14, 'MoUs', 'Active', '2025-08-01', '2027-08-01', 'https://docs.example.org/agreements/0014.pdf'),
  (15, 'Contracts for Partner 12 & Unit 07', 15, 'Contracts', 'Active', '2024-05-29', '2024-11-25', 'https://docs.example.org/agreements/0015.pdf'),
  (16, 'Contracts for Partner 13 & Unit 04', 16, 'Contracts', 'Inactive', '2025-03-27', '2026-03-27', 'https://docs.example.org/agreements/0016.pdf'),
  (17, 'MoUs for Partner 13 & Unit 09', 17, 'MoUs', 'Active', '2024-05-16', '2026-05-16', 'https://docs.example.org/agreements/0017.pdf'),
  (18, 'LoIs for Partner 14 & Unit 09', 18, 'LoIs', 'Active', '2026-01-03', '2026-07-02', 'https://docs.example.org/agreements/0018.pdf'),
  (19, 'Contracts for Partner 14 & Unit 03', 19, 'Contracts', 'Active', '2024-07-01', '2025-07-01', 'https://docs.example.org/agreements/0019.pdf'),
  (20, 'LoIs for Partner 15 & Unit 20', 20, 'LoIs', 'Active', '2025-08-30', '2027-08-30', 'https://docs.example.org/agreements/0020.pdf'),
  (21, 'Contracts for Partner 16 & Unit 12', 21, 'Contracts', 'Active', '2024-11-04', '2025-11-04', 'https://docs.example.org/agreements/0021.pdf'),
  (22, 'Contracts for Partner 16 & Unit 10', 22, 'Contracts', 'Active', '2026-01-06', '2028-01-06', 'https://docs.example.org/agreements/0022.pdf'),
  (23, 'MoUs for Partner 17 & Unit 12', 23, 'MoUs', 'Prospect', '2025-01-05', '2026-01-05', 'https://docs.example.org/agreements/0023.pdf'),
  (24, 'LoIs for Partner 17 & Unit 09', 24, 'LoIs', 'Active', '2025-03-17', '2027-03-17', 'https://docs.example.org/agreements/0024.pdf'),
  (25, 'LoIs for Partner 18 & Unit 11', 25, 'LoIs', 'Active', '2025-07-06', '2026-01-02', 'https://docs.example.org/agreements/0025.pdf'),
  (26, 'Contracts for Partner 19 & Unit 04', 26, 'Contracts', 'Active', '2024-03-19', '2026-03-19', 'https://docs.example.org/agreements/0026.pdf'),
  (27, 'LoIs for Partner 20 & Unit 20', 27, 'LoIs', 'Active', '2024-06-24', '2025-06-24', 'https://docs.example.org/agreements/0027.pdf'),
  (28, 'Contracts for Partner 21 & Unit 19', 28, 'Contracts', 'Active', '2024-10-24', '2025-10-24', 'https://docs.example.org/agreements/0028.pdf'),
  (29, 'LoIs for Partner 22 & Unit 10', 29, 'LoIs', 'Prospect', '2025-01-16', '2026-01-16', 'https://docs.example.org/agreements/0029.pdf'),
  (30, 'LoIs for Partner 22 & Unit 06', 30, 'LoIs', 'Active', '2024-06-12', '2025-06-12', 'https://docs.example.org/agreements/0030.pdf'),
  (31, 'MoUs for Partner 23 & Unit 13', 31, 'MoUs', 'Inactive', '2024-12-01', '2026-12-01', 'https://docs.example.org/agreements/0031.pdf'),
  (32, 'Contracts for Partner 24 & Unit 16', 32, 'Contracts', 'Active', '2025-08-18', '2026-02-14', 'https://docs.example.org/agreements/0032.pdf'),
  (33, 'MoUs for Partner 25 & Unit 11', 33, 'MoUs', 'Prospect', '2024-03-23', '2026-03-23', 'https://docs.example.org/agreements/0033.pdf'),
  (34, 'MoUs for Partner 25 & Unit 18', 34, 'MoUs', 'Active', '2026-02-16', '2028-02-16', 'https://docs.example.org/agreements/0034.pdf'),
  (35, 'MoUs for Partner 26 & Unit 11', 35, 'MoUs', 'Active', '2024-07-19', '2025-07-19', 'https://docs.example.org/agreements/0035.pdf'),
  (36, 'Contracts for Partner 26 & Unit 05', 36, 'Contracts', 'Active', '2025-01-02', '2027-01-02', 'https://docs.example.org/agreements/0036.pdf'),
  (37, 'MoUs for Partner 27 & Unit 05', 37, 'MoUs', 'Inactive', '2025-08-16', '2026-08-16', 'https://docs.example.org/agreements/0037.pdf'),
  (38, 'MoUs for Partner 28 & Unit 10', 38, 'MoUs', 'Prospect', '2025-01-26', '2027-01-26', 'https://docs.example.org/agreements/0038.pdf'),
  (39, 'Contracts for Partner 29 & Unit 08', 39, 'Contracts', 'Prospect', '2024-09-10', '2025-03-09', 'https://docs.example.org/agreements/0039.pdf'),
  (40, 'Contracts for Partner 29 & Unit 12', 40, 'Contracts', 'Prospect', '2025-12-23', '2027-12-23', 'https://docs.example.org/agreements/0040.pdf'),
  (41, 'LoIs for Partner 30 & Unit 18', 41, 'LoIs', 'Suspended', '2025-08-13', '2026-08-13', 'https://docs.example.org/agreements/0041.pdf'),
  (42, 'Contracts for Partner 31 & Unit 03', 42, 'Contracts', 'Active', '2024-06-21', '2025-06-21', 'https://docs.example.org/agreements/0042.pdf'),
  (43, 'LoIs for Partner 32 & Unit 15', 43, 'LoIs', 'Active', '2024-03-20', '2026-03-20', 'https://docs.example.org/agreements/0043.pdf'),
  (44, 'Contracts for Partner 32 & Unit 10', 44, 'Contracts', 'Active', '2024-02-18', '2026-02-17', 'https://docs.example.org/agreements/0044.pdf'),
  (45, 'Contracts for Partner 33 & Unit 06', 45, 'Contracts', 'Active', '2026-01-02', '2027-01-02', 'https://docs.example.org/agreements/0045.pdf'),
  (46, 'LoIs for Partner 34 & Unit 07', 46, 'LoIs', 'Active', '2025-06-06', '2025-12-03', 'https://docs.example.org/agreements/0046.pdf'),
  (47, 'LoIs for Partner 35 & Unit 15', 47, 'LoIs', 'Active', '2024-02-27', '2025-02-26', 'https://docs.example.org/agreements/0047.pdf'),
  (48, 'Contracts for Partner 35 & Unit 19', 48, 'Contracts', 'Inactive', '2024-05-18', '2024-11-14', 'https://docs.example.org/agreements/0048.pdf'),
  (49, 'MoUs for Partner 36 & Unit 06', 49, 'MoUs', 'Active', '2025-10-22', '2026-04-20', 'https://docs.example.org/agreements/0049.pdf'),
  (50, 'LoIs for Partner 37 & Unit 13', 50, 'LoIs', 'Active', '2025-10-25', '2026-10-25', 'https://docs.example.org/agreements/0050.pdf'),
  (51, 'Contracts for Partner 38 & Unit 06', 51, 'Contracts', 'Active', '2024-07-16', '2025-01-12', 'https://docs.example.org/agreements/0051.pdf'),
  (52, 'MoUs for Partner 38 & Unit 15', 52, 'MoUs', 'Inactive', '2024-04-15', '2026-04-15', 'https://docs.example.org/agreements/0052.pdf'),
  (53, 'LoIs for Partner 39 & Unit 13', 53, 'LoIs', 'Prospect', '2024-05-07', '2025-05-07', 'https://docs.example.org/agreements/0053.pdf'),
  (54, 'Contracts for Partner 40 & Unit 08', 54, 'Contracts', 'Prospect', '2026-01-27', '2027-01-27', 'https://docs.example.org/agreements/0054.pdf'),
  (55, 'Supplemental MoUs (Phase 2) - Partner 36 & Unit 06', 49, 'MoUs', 'Active', '2025-12-26', '2026-06-24', 'https://docs.example.org/agreements/0055.pdf'),
  (56, 'Supplemental Contracts (Phase 2) - Partner 18 & Unit 11', 25, 'Contracts', 'Active', '2025-10-21', '2026-10-21', 'https://docs.example.org/agreements/0056.pdf'),
  (57, 'Supplemental LoIs (Phase 2) - Partner 20 & Unit 20', 27, 'LoIs', 'Prospect', '2024-09-23', '2025-03-22', 'https://docs.example.org/agreements/0057.pdf'),
  (58, 'Supplemental LoIs (Phase 2) - Partner 26 & Unit 11', 35, 'LoIs', 'Active', '2024-10-19', '2025-04-17', 'https://docs.example.org/agreements/0058.pdf'),
  (59, 'Supplemental MoUs (Phase 2) - Partner 35 & Unit 19', 48, 'MoUs', 'Active', '2024-08-24', '2025-08-24', 'https://docs.example.org/agreements/0059.pdf'),
  (60, 'Supplemental MoUs (Phase 2) - Partner 37 & Unit 13', 50, 'MoUs', 'Prospect', '2026-01-19', '2027-01-19', 'https://docs.example.org/agreements/0060.pdf'),
  (61, 'Supplemental MoUs (Phase 2) - Partner 38 & Unit 06', 51, 'MoUs', 'Active', '2024-10-05', '2025-10-05', 'https://docs.example.org/agreements/0061.pdf'),
  (62, 'Supplemental Contracts (Phase 2) - Partner 29 & Unit 08', 39, 'Contracts', 'Active', '2025-01-01', '2026-01-01', 'https://docs.example.org/agreements/0062.pdf'),
  (63, 'Supplemental MoUs (Phase 2) - Partner 12 & Unit 07', 15, 'MoUs', 'Active', '2024-09-01', '2025-02-28', 'https://docs.example.org/agreements/0063.pdf'),
  (64, 'Supplemental Contracts (Phase 2) - Partner 24 & Unit 16', 32, 'Contracts', 'Active', '2025-10-31', '2026-04-29', 'https://docs.example.org/agreements/0064.pdf');
INSERT INTO ContactPoint (contact_id, partner_id, name, email, phone, position, is_primary_contact) VALUES
  (1, 1, 'Contact 01-1', 'contact1@partner01.example.org', '+66-2-0101-1508', 'Director', 1),
  (2, 1, 'Contact 01-2', 'contact2@partner01.example.org', '+66-2-0102-4266', 'Partnership Lead', 0),
  (3, 2, 'Contact 02-1', 'contact1@partner02.example.org', '+66-2-0201-1333', 'Engineer', 1),
  (4, 2, 'Contact 02-2', 'contact2@partner02.example.org', '+66-2-0202-3496', 'Director', 0),
  (5, 3, 'Contact 03-1', 'contact1@partner03.example.org', '+66-2-0301-3068', 'Liaison', 1),
  (6, 3, 'Contact 03-2', 'contact2@partner03.example.org', '+66-2-0302-2874', 'Engineer', 0),
  (7, 4, 'Contact 04-1', 'contact1@partner04.example.org', '+66-2-0401-4571', 'Liaison', 1),
  (8, 4, 'Contact 04-2', 'contact2@partner04.example.org', '+66-2-0402-5198', 'Partnership Lead', 0),
  (9, 5, 'Contact 05-1', 'contact1@partner05.example.org', '+66-2-0501-7043', 'Director', 1),
  (10, 5, 'Contact 05-2', 'contact2@partner05.example.org', '+66-2-0502-2876', 'Partnership Lead', 0),
  (11, 6, 'Contact 06-1', 'contact1@partner06.example.org', '+66-2-0601-3683', 'Coordinator', 1),
  (12, 6, 'Contact 06-2', 'contact2@partner06.example.org', '+66-2-0602-2771', 'Engineer', 0),
  (13, 7, 'Contact 07-1', 'contact1@partner07.example.org', '+66-2-0701-1420', 'Coordinator', 1),
  (14, 7, 'Contact 07-2', 'contact2@partner07.example.org', '+66-2-0702-7149', 'Liaison', 0),
  (15, 8, 'Contact 08-1', 'contact1@partner08.example.org', '+66-2-0801-4249', 'Manager', 1),
  (16, 8, 'Contact 08-2', 'contact2@partner08.example.org', '+66-2-0802-4978', 'Manager', 0),
  (17, 9, 'Contact 09-1', 'contact1@partner09.example.org', '+66-2-0901-5941', 'Partnership Lead', 1),
  (18, 9, 'Contact 09-2', 'contact2@partner09.example.org', '+66-2-0902-2983', 'Partnership Lead', 0),
  (19, 10, 'Contact 10-1', 'contact1@partner10.example.org', '+66-2-1001-1672', 'Coordinator', 1),
  (20, 10, 'Contact 10-2', 'contact2@partner10.example.org', '+66-2-1002-9728', 'Liaison', 0),
  (21, 11, 'Contact 11-1', 'contact1@partner11.example.org', '+66-2-1101-7071', 'Manager', 1),
  (22, 11, 'Contact 11-2', 'contact2@partner11.example.org', '+66-2-1102-9289', 'Analyst', 0),
  (23, 12, 'Contact 12-1', 'contact1@partner12.example.org', '+66-2-1201-6590', 'Manager', 1),
  (24, 12, 'Contact 12-2', 'contact2@partner12.example.org', '+66-2-1202-7882', 'Partnership Lead', 0),
  (25, 13, 'Contact 13-1', 'contact1@partner13.example.org', '+66-2-1301-9031', 'Manager', 1),
  (26, 13, 'Contact 13-2', 'contact2@partner13.example.org', '+66-2-1302-8102', 'Coordinator', 0),
  (27, 14, 'Contact 14-1', 'contact1@partner14.example.org', '+66-2-1401-8532', 'Analyst', 1),
  (28, 14, 'Contact 14-2', 'contact2@partner14.example.org', '+66-2-1402-3506', 'Liaison', 0),
  (29, 15, 'Contact 15-1', 'contact1@partner15.example.org', '+66-2-1501-3885', 'Analyst', 1),
  (30, 15, 'Contact 15-2', 'contact2@partner15.example.org', '+66-2-1502-9548', 'Analyst', 0),
  (31, 16, 'Contact 16-1', 'contact1@partner16.example.org', '+66-2-1601-5425', 'Engineer', 1),
  (32, 16, 'Contact 16-2', 'contact2@partner16.example.org', '+66-2-1602-9817', 'Partnership Lead', 0),
  (33, 17, 'Contact 17-1', 'contact1@partner17.example.org', '+66-2-1701-8921', 'Liaison', 1),
  (34, 17, 'Contact 17-2', 'contact2@partner17.example.org', '+66-2-1702-8136', 'Partnership Lead', 0),
  (35, 18, 'Contact 18-1', 'contact1@partner18.example.org', '+66-2-1801-5397', 'Coordinator', 1),
  (36, 18, 'Contact 18-2', 'contact2@partner18.example.org', '+66-2-1802-5022', 'Partnership Lead', 0),
  (37, 19, 'Contact 19-1', 'contact1@partner19.example.org', '+66-2-1901-2419', 'Coordinator', 1),
  (38, 19, 'Contact 19-2', 'contact2@partner19.example.org', '+66-2-1902-8385', 'Director', 0),
  (39, 20, 'Contact 20-1', 'contact1@partner20.example.org', '+66-2-2001-8613', 'Engineer', 1),
  (40, 20, 'Contact 20-2', 'contact2@partner20.example.org', '+66-2-2002-7209', 'Coordinator', 0),
  (41, 21, 'Contact 21-1', 'contact1@partner21.example.org', '+66-2-2101-1470', 'Liaison', 1),
  (42, 21, 'Contact 21-2', 'contact2@partner21.example.org', '+66-2-2102-6325', 'Director', 0),
  (43, 22, 'Contact 22-1', 'contact1@partner22.example.org', '+66-2-2201-8988', 'Director', 1),
  (44, 22, 'Contact 22-2', 'contact2@partner22.example.org', '+66-2-2202-6813', 'Partnership Lead', 0),
  (45, 23, 'Contact 23-1', 'contact1@partner23.example.org', '+66-2-2301-5232', 'Coordinator', 1),
  (46, 23, 'Contact 23-2', 'contact2@partner23.example.org', '+66-2-2302-5581', 'Engineer', 0),
  (47, 24, 'Contact 24-1', 'contact1@partner24.example.org', '+66-2-2401-5526', 'Engineer', 1),
  (48, 24, 'Contact 24-2', 'contact2@partner24.example.org', '+66-2-2402-1166', 'Engineer', 0),
  (49, 25, 'Contact 25-1', 'contact1@partner25.example.org', '+66-2-2501-4130', 'Manager', 1),
  (50, 25, 'Contact 25-2', 'contact2@partner25.example.org', '+66-2-2502-4954', 'Analyst', 0),
  (51, 26, 'Contact 26-1', 'contact1@partner26.example.org', '+66-2-2601-7658', 'Liaison', 1),
  (52, 26, 'Contact 26-2', 'contact2@partner26.example.org', '+66-2-2602-4937', 'Analyst', 0),
  (53, 27, 'Contact 27-1', 'contact1@partner27.example.org', '+66-2-2701-8800', 'Analyst', 1),
  (54, 27, 'Contact 27-2', 'contact2@partner27.example.org', '+66-2-2702-9041', 'Liaison', 0),
  (55, 28, 'Contact 28-1', 'contact1@partner28.example.org', '+66-2-2801-1282', 'Manager', 1),
  (56, 28, 'Contact 28-2', 'contact2@partner28.example.org', '+66-2-2802-5820', 'Director', 0),
  (57, 29, 'Contact 29-1', 'contact1@partner29.example.org', '+66-2-2901-7625', 'Analyst', 1),
  (58, 29, 'Contact 29-2', 'contact2@partner29.example.org', '+66-2-2902-4986', 'Coordinator', 0),
  (59, 30, 'Contact 30-1', 'contact1@partner30.example.org', '+66-2-3001-7046', 'Liaison', 1),
  (60, 30, 'Contact 30-2', 'contact2@partner30.example.org', '+66-2-3002-9698', 'Coordinator', 0),
  (61, 31, 'Contact 31-1', 'contact1@partner31.example.org', '+66-2-3101-7971', 'Analyst', 1),
  (62, 31, 'Contact 31-2', 'contact2@partner31.example.org', '+66-2-3102-6419', 'Coordinator', 0),
  (63, 32, 'Contact 32-1', 'contact1@partner32.example.org', '+66-2-3201-8434', 'Coordinator', 1),
  (64, 32, 'Contact 32-2', 'contact2@partner32.example.org', '+66-2-3202-6023', 'Coordinator', 0),
  (65, 33, 'Contact 33-1', 'contact1@partner33.example.org', '+66-2-3301-4777', 'Manager', 1),
  (66, 33, 'Contact 33-2', 'contact2@partner33.example.org', '+66-2-3302-4155', 'Coordinator', 0),
  (67, 34, 'Contact 34-1', 'contact1@partner34.example.org', '+66-2-3401-2958', 'Analyst', 1),
  (68, 34, 'Contact 34-2', 'contact2@partner34.example.org', '+66-2-3402-9779', 'Partnership Lead', 0),
  (69, 35, 'Contact 35-1', 'contact1@partner35.example.org', '+66-2-3501-4033', 'Director', 1),
  (70, 35, 'Contact 35-2', 'contact2@partner35.example.org', '+66-2-3502-4545', 'Analyst', 0),
  (71, 36, 'Contact 36-1', 'contact1@partner36.example.org', '+66-2-3601-8933', 'Coordinator', 1),
  (72, 36, 'Contact 36-2', 'contact2@partner36.example.org', '+66-2-3602-9595', 'Engineer', 0),
  (73, 37, 'Contact 37-1', 'contact1@partner37.example.org', '+66-2-3701-5636', 'Manager', 1),
  (74, 37, 'Contact 37-2', 'contact2@partner37.example.org', '+66-2-3702-4180', 'Coordinator', 0),
  (75, 38, 'Contact 38-1', 'contact1@partner38.example.org', '+66-2-3801-4727', 'Coordinator', 1),
  (76, 38, 'Contact 38-2', 'contact2@partner38.example.org', '+66-2-3802-3939', 'Coordinator', 0),
  (77, 39, 'Contact 39-1', 'contact1@partner39.example.org', '+66-2-3901-1231', 'Analyst', 1),
  (78, 39, 'Contact 39-2', 'contact2@partner39.example.org', '+66-2-3902-9751', 'Director', 0),
  (79, 40, 'Contact 40-1', 'contact1@partner40.example.org', '+66-2-4001-5494', 'Manager', 1),
  (80, 40, 'Contact 40-2', 'contact2@partner40.example.org', '+66-2-4002-1893', 'Engineer', 0),
  (81, 19, 'Alt Contact 19', 'alt32@partner19.example.org', '+66-2-1999-2940', 'Operations', 0),
  (82, 9, 'Alt Contact 09', 'alt98@partner09.example.org', '+66-2-0999-7818', 'Operations', 0),
  (83, 32, 'Alt Contact 32', 'alt77@partner32.example.org', '+66-2-3299-4697', 'Operations', 0),
  (84, 7, 'Alt Contact 07', 'alt49@partner07.example.org', '+66-2-0799-8381', 'Research Liaison', 0),
  (85, 1, 'Alt Contact 01', 'alt39@partner01.example.org', '+66-2-0199-8025', 'Research Liaison', 0),
  (86, 40, 'Alt Contact 40', 'alt73@partner40.example.org', '+66-2-4099-1986', 'Operations', 0),
  (87, 31, 'Alt Contact 31', 'alt95@partner31.example.org', '+66-2-3199-2625', 'Assistant', 0),
  (88, 34, 'Alt Contact 34', 'alt81@partner34.example.org', '+66-2-3499-4457', 'Research Liaison', 0),
  (89, 29, 'Alt Contact 29', 'alt85@partner29.example.org', '+66-2-2999-2330', 'Assistant', 0),
  (90, 11, 'Alt Contact 11', 'alt31@partner11.example.org', '+66-2-1199-3847', 'Operations', 0),
  (91, 6, 'Alt Contact 06', 'alt10@partner06.example.org', '+66-2-0699-3564', 'Assistant', 0),
  (92, 2, 'Alt Contact 02', 'alt53@partner02.example.org', '+66-2-0299-8381', 'Operations', 0),
  (93, 39, 'Alt Contact 39', 'alt77@partner39.example.org', '+66-2-3999-8699', 'Research Liaison', 0),
  (94, 16, 'Alt Contact 16', 'alt5@partner16.example.org', '+66-2-1699-4792', 'Research Liaison', 0),
  (95, 4, 'Alt Contact 04', 'alt91@partner04.example.org', '+66-2-0499-5632', 'Operations', 0),
  (96, 3, 'Alt Contact 03', 'alt59@partner03.example.org', '+66-2-0399-2166', 'Operations', 0),
  (97, 13, 'Alt Contact 13', 'alt30@partner13.example.org', '+66-2-1399-5334', 'Operations', 0),
  (98, 27, 'Alt Contact 27', 'alt76@partner27.example.org', '+66-2-2799-4241', 'Research Liaison', 0),
  (99, 25, 'Alt Contact 25', 'alt15@partner25.example.org', '+66-2-2599-9922', 'Assistant', 0),
  (100, 35, 'Alt Contact 35', 'alt83@partner35.example.org', '+66-2-3599-3441', 'Research Liaison', 0),
  (101, 38, 'Alt Contact 38', 'alt19@partner38.example.org', '+66-2-3899-2169', 'Assistant', 0),
  (102, 5, 'Alt Contact 05', 'alt22@partner05.example.org', '+66-2-0599-6039', 'Operations', 0),
  (103, 21, 'Alt Contact 21', 'alt96@partner21.example.org', '+66-2-2199-5728', 'Research Liaison', 0),
  (104, 10, 'Alt Contact 10', 'alt16@partner10.example.org', '+66-2-1099-8679', 'Operations', 0),
  (105, 22, 'Alt Contact 22', 'alt39@partner22.example.org', '+66-2-2299-7594', 'Research Liaison', 0);
INSERT INTO EventParticipants (event_id, participant_partner_id) VALUES
  (1, 3),
  (1, 6),
  (1, 20),
  (1, 21),
  (1, 28),
  (1, 29),
  (1, 32),
  (1, 35),
  (2, 2),
  (2, 3),
  (2, 6),
  (2, 10),
  (2, 15),
  (2, 17),
  (2, 18),
  (2, 39),
  (3, 18),
  (3, 29),
  (3, 31),
  (3, 34),
  (3, 35),
  (4, 6),
  (4, 28),
  (4, 32),
  (4, 38),
  (4, 39),
  (5, 7),
  (5, 8),
  (5, 11),
  (5, 21),
  (5, 22),
  (5, 23),
  (5, 27),
  (6, 16),
  (6, 19),
  (6, 26),
  (6, 27),
  (6, 32),
  (6, 36),
  (7, 6),
  (7, 21),
  (7, 30),
  (8, 1),
  (8, 8),
  (8, 21),
  (8, 26),
  (8, 33),
  (8, 35),
  (9, 4),
  (9, 13),
  (9, 24),
  (9, 27),
  (9, 30),
  (9, 31),
  (9, 32),
  (9, 34),
  (9, 35),
  (10, 4),
  (10, 9),
  (10, 14),
  (10, 18),
  (10, 19),
  (10, 29),
  (10, 34),
  (10, 36),
  (10, 40),
  (11, 1),
  (11, 2),
  (11, 8),
  (11, 11),
  (11, 14),
  (11, 16),
  (11, 20),
  (11, 27),
  (11, 32),
  (12, 8),
  (12, 15),
  (12, 20),
  (12, 30),
  (13, 10),
  (13, 19),
  (13, 29),
  (13, 32),
  (14, 10),
  (14, 16),
  (14, 18),
  (14, 27),
  (14, 30),
  (14, 31),
  (14, 38),
  (15, 2),
  (15, 5),
  (15, 9),
  (15, 13),
  (15, 18),
  (15, 33),
  (15, 39),
  (16, 1),
  (16, 18),
  (16, 19),
  (16, 20),
  (16, 22),
  (16, 33),
  (16, 38),
  (17, 4),
  (17, 10),
  (17, 23),
  (17, 29),
  (17, 31),
  (17, 32),
  (17, 35),
  (17, 38),
  (18, 21),
  (18, 22),
  (18, 25),
  (18, 30),
  (18, 35),
  (18, 36),
  (19, 15),
  (19, 16),
  (19, 18),
  (19, 25),
  (19, 37),
  (20, 3),
  (20, 10),
  (20, 21),
  (20, 25),
  (20, 31),
  (20, 35),
  (20, 37),
  (21, 3),
  (21, 7),
  (21, 9),
  (21, 16),
  (21, 22),
  (21, 29),
  (21, 33),
  (22, 1),
  (22, 13),
  (22, 30),
  (22, 34),
  (23, 5),
  (23, 10),
  (23, 17),
  (23, 22),
  (23, 23),
  (23, 26),
  (23, 27),
  (23, 31),
  (23, 40),
  (24, 3),
  (24, 4),
  (24, 5),
  (24, 6),
  (24, 21),
  (24, 22),
  (24, 25),
  (24, 32),
  (24, 35),
  (25, 4),
  (25, 6),
  (25, 15),
  (25, 19),
  (25, 28),
  (26, 7),
  (26, 11),
  (26, 29),
  (27, 2),
  (27, 3),
  (27, 4),
  (27, 19),
  (27, 20),
  (27, 21),
  (27, 23),
  (27, 24),
  (27, 35),
  (28, 10),
  (28, 11),
  (28, 12),
  (28, 16),
  (28, 27),
  (28, 34),
  (29, 5),
  (29, 6),
  (29, 16),
  (29, 25),
  (29, 40),
  (30, 4),
  (30, 10),
  (30, 15),
  (30, 17),
  (30, 30),
  (30, 37),
  (30, 38);
INSERT INTO Contribution (contribution_id, partner_id, event_id, contribution_type, description, estimated_value, notes) VALUES
  (1, 3, 1, 'Cash Sponsorship', 'Cash Sponsorship provided by partner 03 for event 01.', 113223.8, 'Estimated value for testing financial tracking.'),
  (2, 32, 1, 'Equipment', 'Equipment provided by partner 32 for event 01.', 246974.67, 'Estimated value for testing financial tracking.'),
  (3, 21, 1, 'Equipment', 'Equipment provided by partner 21 for event 01.', 161539.98, 'Estimated value for testing financial tracking.'),
  (4, 20, 1, 'Mentoring', 'Mentoring provided by partner 20 for event 01.', 174126.81, 'Estimated value for testing financial tracking.'),
  (5, 6, 1, 'Mentoring', 'Mentoring provided by partner 06 for event 01.', 212099.46, 'Estimated value for testing financial tracking.'),
  (6, 18, 2, 'In-kind', 'In-kind provided by partner 18 for event 02.', 98434.25, 'Estimated value for testing financial tracking.'),
  (7, 39, 2, 'Equipment', 'Equipment provided by partner 39 for event 02.', 145828.92, 'Estimated value for testing financial tracking.'),
  (8, 10, 2, 'Venue Support', 'Venue Support provided by partner 10 for event 02.', 77331.53, 'Estimated value for testing financial tracking.'),
  (9, 2, 2, 'Internships', 'Internships provided by partner 02 for event 02.', 166266.3, 'Estimated value for testing financial tracking.'),
  (10, 18, 3, 'Internships', 'Internships provided by partner 18 for event 03.', 200720.73, 'Estimated value for testing financial tracking.'),
  (11, 35, 3, 'Scholarship', 'Scholarship provided by partner 35 for event 03.', 201473.33, 'Estimated value for testing financial tracking.'),
  (12, 31, 3, 'In-kind', 'In-kind provided by partner 31 for event 03.', 160971.38, 'Estimated value for testing financial tracking.'),
  (13, 29, 3, 'Scholarship', 'Scholarship provided by partner 29 for event 03.', 66403.57, 'Estimated value for testing financial tracking.'),
  (14, 34, 3, 'Internships', 'Internships provided by partner 34 for event 03.', 181627.45, 'Estimated value for testing financial tracking.'),
  (15, 28, 4, 'Internships', 'Internships provided by partner 28 for event 04.', 113001.68, 'Estimated value for testing financial tracking.'),
  (16, 6, 4, 'Scholarship', 'Scholarship provided by partner 06 for event 04.', 94391.0, 'Estimated value for testing financial tracking.'),
  (17, 32, 4, 'In-kind', 'In-kind provided by partner 32 for event 04.', 27082.68, 'Estimated value for testing financial tracking.'),
  (18, 38, 4, 'Equipment', 'Equipment provided by partner 38 for event 04.', 85046.19, 'Estimated value for testing financial tracking.'),
  (19, 39, 4, 'Mentoring', 'Mentoring provided by partner 39 for event 04.', 48031.82, 'Estimated value for testing financial tracking.'),
  (20, 27, 5, 'Internships', 'Internships provided by partner 27 for event 05.', 45313.38, 'Estimated value for testing financial tracking.'),
  (21, 22, 5, 'Internships', 'Internships provided by partner 22 for event 05.', 236326.01, 'Estimated value for testing financial tracking.'),
  (22, 11, 5, 'Internships', 'Internships provided by partner 11 for event 05.', 77309.66, 'Estimated value for testing financial tracking.'),
  (23, 23, 5, 'Internships', 'Internships provided by partner 23 for event 05.', 87985.24, 'Estimated value for testing financial tracking.'),
  (24, 27, 6, 'Internships', 'Internships provided by partner 27 for event 06.', 241792.55, 'Estimated value for testing financial tracking.'),
  (25, 16, 6, 'Internships', 'Internships provided by partner 16 for event 06.', 170699.31, 'Estimated value for testing financial tracking.'),
  (26, 19, 6, 'Venue Support', 'Venue Support provided by partner 19 for event 06.', 245085.85, 'Estimated value for testing financial tracking.'),
  (27, 21, 7, 'Cash Sponsorship', 'Cash Sponsorship provided by partner 21 for event 07.', 69792.35, 'Estimated value for testing financial tracking.'),
  (28, 6, 7, 'Cash Sponsorship', 'Cash Sponsorship provided by partner 06 for event 07.', 116422.58, 'Estimated value for testing financial tracking.'),
  (29, 30, 7, 'Venue Support', 'Venue Support provided by partner 30 for event 07.', 188507.84, 'Estimated value for testing financial tracking.'),
  (30, 33, 8, 'Mentoring', 'Mentoring provided by partner 33 for event 08.', 11131.04, 'Estimated value for testing financial tracking.'),
  (31, 26, 8, 'Scholarship', 'Scholarship provided by partner 26 for event 08.', 85361.54, 'Estimated value for testing financial tracking.'),
  (32, 21, 8, 'Scholarship', 'Scholarship provided by partner 21 for event 08.', 59234.96, 'Estimated value for testing financial tracking.'),
  (33, 1, 8, 'Cash Sponsorship', 'Cash Sponsorship provided by partner 01 for event 08.', 160673.96, 'Estimated value for testing financial tracking.'),
  (34, 35, 8, 'Mentoring', 'Mentoring provided by partner 35 for event 08.', 227799.97, 'Estimated value for testing financial tracking.'),
  (35, 32, 9, 'Equipment', 'Equipment provided by partner 32 for event 09.', 249002.21, 'Estimated value for testing financial tracking.'),
  (36, 13, 9, 'Cash Sponsorship', 'Cash Sponsorship provided by partner 13 for event 09.', 28812.04, 'Estimated value for testing financial tracking.'),
  (37, 34, 9, 'Scholarship', 'Scholarship provided by partner 34 for event 09.', 38237.69, 'Estimated value for testing financial tracking.'),
  (38, 4, 9, 'Mentoring', 'Mentoring provided by partner 04 for event 09.', 95897.82, 'Estimated value for testing financial tracking.'),
  (39, 31, 9, 'Venue Support', 'Venue Support provided by partner 31 for event 09.', 175638.58, 'Estimated value for testing financial tracking.'),
  (40, 34, 10, 'Mentoring', 'Mentoring provided by partner 34 for event 10.', 235068.0, 'Estimated value for testing financial tracking.'),
  (41, 14, 10, 'Equipment', 'Equipment provided by partner 14 for event 10.', 13015.49, 'Estimated value for testing financial tracking.'),
  (42, 18, 10, 'Equipment', 'Equipment provided by partner 18 for event 10.', 58231.07, 'Estimated value for testing financial tracking.'),
  (43, 29, 10, 'Mentoring', 'Mentoring provided by partner 29 for event 10.', 237886.02, 'Estimated value for testing financial tracking.'),
  (44, 4, 10, 'Internships', 'Internships provided by partner 04 for event 10.', 93858.08, 'Estimated value for testing financial tracking.'),
  (45, 40, 10, 'Venue Support', 'Venue Support provided by partner 40 for event 10.', 94997.06, 'Estimated value for testing financial tracking.'),
  (46, 36, 10, 'Venue Support', 'Venue Support provided by partner 36 for event 10.', 92875.09, 'Estimated value for testing financial tracking.'),
  (47, 14, 11, 'Venue Support', 'Venue Support provided by partner 14 for event 11.', 161675.77, 'Estimated value for testing financial tracking.'),
  (48, 11, 11, 'Cash Sponsorship', 'Cash Sponsorship provided by partner 11 for event 11.', 17391.74, 'Estimated value for testing financial tracking.'),
  (49, 1, 11, 'Equipment', 'Equipment provided by partner 01 for event 11.', 64674.38, 'Estimated value for testing financial tracking.'),
  (50, 27, 11, 'In-kind', 'In-kind provided by partner 27 for event 11.', 197809.63, 'Estimated value for testing financial tracking.'),
  (51, 20, 11, 'In-kind', 'In-kind provided by partner 20 for event 11.', 21809.49, 'Estimated value for testing financial tracking.'),
  (52, 2, 11, 'Internships', 'Internships provided by partner 02 for event 11.', 140780.91, 'Estimated value for testing financial tracking.'),
  (53, 15, 12, 'Internships', 'Internships provided by partner 15 for event 12.', 225630.1, 'Estimated value for testing financial tracking.'),
  (54, 8, 12, 'Cash Sponsorship', 'Cash Sponsorship provided by partner 08 for event 12.', 72932.34, 'Estimated value for testing financial tracking.'),
  (55, 30, 12, 'In-kind', 'In-kind provided by partner 30 for event 12.', 246944.19, 'Estimated value for testing financial tracking.'),
  (56, 20, 12, 'Scholarship', 'Scholarship provided by partner 20 for event 12.', 66410.28, 'Estimated value for testing financial tracking.'),
  (57, 10, 13, 'Cash Sponsorship', 'Cash Sponsorship provided by partner 10 for event 13.', 92769.36, 'Estimated value for testing financial tracking.'),
  (58, 29, 13, 'Internships', 'Internships provided by partner 29 for event 13.', 63293.24, 'Estimated value for testing financial tracking.'),
  (59, 32, 13, 'Equipment', 'Equipment provided by partner 32 for event 13.', 8866.37, 'Estimated value for testing financial tracking.'),
  (60, 19, 13, 'Equipment', 'Equipment provided by partner 19 for event 13.', 17837.76, 'Estimated value for testing financial tracking.'),
  (61, 27, 14, 'Scholarship', 'Scholarship provided by partner 27 for event 14.', 150448.17, 'Estimated value for testing financial tracking.'),
  (62, 30, 14, 'Mentoring', 'Mentoring provided by partner 30 for event 14.', 128440.48, 'Estimated value for testing financial tracking.'),
  (63, 10, 14, 'Scholarship', 'Scholarship provided by partner 10 for event 14.', 15624.43, 'Estimated value for testing financial tracking.'),
  (64, 31, 14, 'Internships', 'Internships provided by partner 31 for event 14.', 227644.16, 'Estimated value for testing financial tracking.'),
  (65, 16, 14, 'Venue Support', 'Venue Support provided by partner 16 for event 14.', 132755.55, 'Estimated value for testing financial tracking.'),
  (66, 18, 14, 'Mentoring', 'Mentoring provided by partner 18 for event 14.', 162618.47, 'Estimated value for testing financial tracking.'),
  (67, 38, 14, 'Cash Sponsorship', 'Cash Sponsorship provided by partner 38 for event 14.', 19902.22, 'Estimated value for testing financial tracking.'),
  (68, 39, 15, 'Cash Sponsorship', 'Cash Sponsorship provided by partner 39 for event 15.', 225320.36, 'Estimated value for testing financial tracking.'),
  (69, 13, 15, 'Equipment', 'Equipment provided by partner 13 for event 15.', 154032.87, 'Estimated value for testing financial tracking.'),
  (70, 33, 15, 'Cash Sponsorship', 'Cash Sponsorship provided by partner 33 for event 15.', 35916.94, 'Estimated value for testing financial tracking.'),
  (71, 2, 15, 'Scholarship', 'Scholarship provided by partner 02 for event 15.', 160103.8, 'Estimated value for testing financial tracking.'),
  (72, 5, 15, 'Scholarship', 'Scholarship provided by partner 05 for event 15.', 179477.44, 'Estimated value for testing financial tracking.'),
  (73, 9, 15, 'Mentoring', 'Mentoring provided by partner 09 for event 15.', 248683.8, 'Estimated value for testing financial tracking.'),
  (74, 19, 16, 'Mentoring', 'Mentoring provided by partner 19 for event 16.', 115630.95, 'Estimated value for testing financial tracking.'),
  (75, 20, 16, 'In-kind', 'In-kind provided by partner 20 for event 16.', 106384.32, 'Estimated value for testing financial tracking.'),
  (76, 22, 16, 'Internships', 'Internships provided by partner 22 for event 16.', 116107.23, 'Estimated value for testing financial tracking.'),
  (77, 33, 16, 'Mentoring', 'Mentoring provided by partner 33 for event 16.', 183755.06, 'Estimated value for testing financial tracking.'),
  (78, 1, 16, 'Equipment', 'Equipment provided by partner 01 for event 16.', 109557.18, 'Estimated value for testing financial tracking.'),
  (79, 38, 16, 'Venue Support', 'Venue Support provided by partner 38 for event 16.', 67448.0, 'Estimated value for testing financial tracking.'),
  (80, 18, 16, 'In-kind', 'In-kind provided by partner 18 for event 16.', 173271.15, 'Estimated value for testing financial tracking.'),
  (81, 10, 17, 'Venue Support', 'Venue Support provided by partner 10 for event 17.', 186005.02, 'Estimated value for testing financial tracking.'),
  (82, 4, 17, 'Internships', 'Internships provided by partner 04 for event 17.', 36878.29, 'Estimated value for testing financial tracking.'),
  (83, 35, 17, 'Cash Sponsorship', 'Cash Sponsorship provided by partner 35 for event 17.', 148683.95, 'Estimated value for testing financial tracking.'),
  (84, 32, 17, 'Scholarship', 'Scholarship provided by partner 32 for event 17.', 142612.43, 'Estimated value for testing financial tracking.'),
  (85, 29, 17, 'Venue Support', 'Venue Support provided by partner 29 for event 17.', 34946.66, 'Estimated value for testing financial tracking.'),
  (86, 31, 17, 'Equipment', 'Equipment provided by partner 31 for event 17.', 219033.81, 'Estimated value for testing financial tracking.'),
  (87, 36, 18, 'Cash Sponsorship', 'Cash Sponsorship provided by partner 36 for event 18.', 146590.04, 'Estimated value for testing financial tracking.'),
  (88, 21, 18, 'In-kind', 'In-kind provided by partner 21 for event 18.', 42908.89, 'Estimated value for testing financial tracking.'),
  (89, 25, 18, 'Mentoring', 'Mentoring provided by partner 25 for event 18.', 59939.99, 'Estimated value for testing financial tracking.'),
  (90, 30, 18, 'Cash Sponsorship', 'Cash Sponsorship provided by partner 30 for event 18.', 90777.93, 'Estimated value for testing financial tracking.'),
  (91, 22, 18, 'Scholarship', 'Scholarship provided by partner 22 for event 18.', 95052.46, 'Estimated value for testing financial tracking.'),
  (92, 35, 18, 'Internships', 'Internships provided by partner 35 for event 18.', 73249.21, 'Estimated value for testing financial tracking.'),
  (93, 25, 19, 'Cash Sponsorship', 'Cash Sponsorship provided by partner 25 for event 19.', 49201.94, 'Estimated value for testing financial tracking.'),
  (94, 15, 19, 'Venue Support', 'Venue Support provided by partner 15 for event 19.', 191790.33, 'Estimated value for testing financial tracking.'),
  (95, 18, 19, 'Equipment', 'Equipment provided by partner 18 for event 19.', 91000.74, 'Estimated value for testing financial tracking.'),
  (96, 16, 19, 'In-kind', 'In-kind provided by partner 16 for event 19.', 218116.36, 'Estimated value for testing financial tracking.'),
  (97, 35, 20, 'Venue Support', 'Venue Support provided by partner 35 for event 20.', 134968.26, 'Estimated value for testing financial tracking.'),
  (98, 25, 20, 'Mentoring', 'Mentoring provided by partner 25 for event 20.', 107858.96, 'Estimated value for testing financial tracking.'),
  (99, 3, 20, 'Equipment', 'Equipment provided by partner 03 for event 20.', 43565.27, 'Estimated value for testing financial tracking.'),
  (100, 10, 20, 'Equipment', 'Equipment provided by partner 10 for event 20.', 181791.01, 'Estimated value for testing financial tracking.'),
  (101, 21, 20, 'Internships', 'Internships provided by partner 21 for event 20.', 235644.82, 'Estimated value for testing financial tracking.'),
  (102, 31, 20, 'Scholarship', 'Scholarship provided by partner 31 for event 20.', 25814.47, 'Estimated value for testing financial tracking.'),
  (103, 37, 20, 'Cash Sponsorship', 'Cash Sponsorship provided by partner 37 for event 20.', 43117.08, 'Estimated value for testing financial tracking.'),
  (104, 3, 21, 'Scholarship', 'Scholarship provided by partner 03 for event 21.', 113300.83, 'Estimated value for testing financial tracking.'),
  (105, 29, 21, 'Equipment', 'Equipment provided by partner 29 for event 21.', 57814.4, 'Estimated value for testing financial tracking.'),
  (106, 33, 21, 'Scholarship', 'Scholarship provided by partner 33 for event 21.', 32885.29, 'Estimated value for testing financial tracking.'),
  (107, 9, 21, 'Mentoring', 'Mentoring provided by partner 09 for event 21.', 32167.99, 'Estimated value for testing financial tracking.'),
  (108, 7, 21, 'Venue Support', 'Venue Support provided by partner 07 for event 21.', 171229.13, 'Estimated value for testing financial tracking.'),
  (109, 16, 21, 'Mentoring', 'Mentoring provided by partner 16 for event 21.', 134098.86, 'Estimated value for testing financial tracking.'),
  (110, 22, 21, 'Equipment', 'Equipment provided by partner 22 for event 21.', 16127.25, 'Estimated value for testing financial tracking.'),
  (111, 1, 22, 'In-kind', 'In-kind provided by partner 01 for event 22.', 193000.63, 'Estimated value for testing financial tracking.'),
  (112, 34, 22, 'Internships', 'Internships provided by partner 34 for event 22.', 67602.28, 'Estimated value for testing financial tracking.'),
  (113, 30, 22, 'Equipment', 'Equipment provided by partner 30 for event 22.', 34396.16, 'Estimated value for testing financial tracking.'),
  (114, 13, 22, 'Mentoring', 'Mentoring provided by partner 13 for event 22.', 188018.46, 'Estimated value for testing financial tracking.'),
  (115, 17, 23, 'In-kind', 'In-kind provided by partner 17 for event 23.', 127564.27, 'Estimated value for testing financial tracking.'),
  (116, 27, 23, 'Internships', 'Internships provided by partner 27 for event 23.', 168671.8, 'Estimated value for testing financial tracking.'),
  (117, 23, 23, 'Equipment', 'Equipment provided by partner 23 for event 23.', 22658.5, 'Estimated value for testing financial tracking.'),
  (118, 26, 23, 'Internships', 'Internships provided by partner 26 for event 23.', 186800.13, 'Estimated value for testing financial tracking.'),
  (119, 3, 24, 'Scholarship', 'Scholarship provided by partner 03 for event 24.', 104083.61, 'Estimated value for testing financial tracking.'),
  (120, 32, 24, 'Venue Support', 'Venue Support provided by partner 32 for event 24.', 107335.02, 'Estimated value for testing financial tracking.'),
  (121, 35, 24, 'Cash Sponsorship', 'Cash Sponsorship provided by partner 35 for event 24.', 104232.92, 'Estimated value for testing financial tracking.'),
  (122, 5, 24, 'Equipment', 'Equipment provided by partner 05 for event 24.', 47108.93, 'Estimated value for testing financial tracking.'),
  (123, 21, 24, 'Scholarship', 'Scholarship provided by partner 21 for event 24.', 117723.74, 'Estimated value for testing financial tracking.'),
  (124, 6, 24, 'Venue Support', 'Venue Support provided by partner 06 for event 24.', 230343.59, 'Estimated value for testing financial tracking.'),
  (125, 19, 25, 'Mentoring', 'Mentoring provided by partner 19 for event 25.', 149273.47, 'Estimated value for testing financial tracking.'),
  (126, 4, 25, 'Scholarship', 'Scholarship provided by partner 04 for event 25.', 24268.54, 'Estimated value for testing financial tracking.'),
  (127, 28, 25, 'Internships', 'Internships provided by partner 28 for event 25.', 81017.27, 'Estimated value for testing financial tracking.'),
  (128, 7, 26, 'Cash Sponsorship', 'Cash Sponsorship provided by partner 07 for event 26.', 130068.4, 'Estimated value for testing financial tracking.'),
  (129, 11, 26, 'Cash Sponsorship', 'Cash Sponsorship provided by partner 11 for event 26.', 134998.18, 'Estimated value for testing financial tracking.'),
  (130, 29, 26, 'In-kind', 'In-kind provided by partner 29 for event 26.', 226951.07, 'Estimated value for testing financial tracking.'),
  (131, 21, 27, 'Equipment', 'Equipment provided by partner 21 for event 27.', 53331.59, 'Estimated value for testing financial tracking.'),
  (132, 4, 27, 'Scholarship', 'Scholarship provided by partner 04 for event 27.', 42453.1, 'Estimated value for testing financial tracking.'),
  (133, 3, 27, 'Internships', 'Internships provided by partner 03 for event 27.', 165599.71, 'Estimated value for testing financial tracking.'),
  (134, 2, 27, 'In-kind', 'In-kind provided by partner 02 for event 27.', 238066.57, 'Estimated value for testing financial tracking.'),
  (135, 23, 27, 'Venue Support', 'Venue Support provided by partner 23 for event 27.', 126058.67, 'Estimated value for testing financial tracking.'),
  (136, 27, 28, 'Mentoring', 'Mentoring provided by partner 27 for event 28.', 21730.13, 'Estimated value for testing financial tracking.'),
  (137, 16, 28, 'Mentoring', 'Mentoring provided by partner 16 for event 28.', 159689.35, 'Estimated value for testing financial tracking.'),
  (138, 12, 28, 'Internships', 'Internships provided by partner 12 for event 28.', 72295.05, 'Estimated value for testing financial tracking.'),
  (139, 34, 28, 'Cash Sponsorship', 'Cash Sponsorship provided by partner 34 for event 28.', 91225.84, 'Estimated value for testing financial tracking.'),
  (140, 11, 28, 'Cash Sponsorship', 'Cash Sponsorship provided by partner 11 for event 28.', 81049.92, 'Estimated value for testing financial tracking.'),
  (141, 10, 28, 'Mentoring', 'Mentoring provided by partner 10 for event 28.', 14213.78, 'Estimated value for testing financial tracking.'),
  (142, 16, 29, 'Mentoring', 'Mentoring provided by partner 16 for event 29.', 147180.7, 'Estimated value for testing financial tracking.'),
  (143, 5, 29, 'Internships', 'Internships provided by partner 05 for event 29.', 186035.66, 'Estimated value for testing financial tracking.'),
  (144, 40, 29, 'Cash Sponsorship', 'Cash Sponsorship provided by partner 40 for event 29.', 115184.76, 'Estimated value for testing financial tracking.'),
  (145, 25, 29, 'Internships', 'Internships provided by partner 25 for event 29.', 145055.89, 'Estimated value for testing financial tracking.'),
  (146, 6, 29, 'In-kind', 'In-kind provided by partner 06 for event 29.', 83774.06, 'Estimated value for testing financial tracking.'),
  (147, 30, 30, 'Venue Support', 'Venue Support provided by partner 30 for event 30.', 25660.64, 'Estimated value for testing financial tracking.'),
  (148, 10, 30, 'Venue Support', 'Venue Support provided by partner 10 for event 30.', 47276.93, 'Estimated value for testing financial tracking.'),
  (149, 4, 30, 'In-kind', 'In-kind provided by partner 04 for event 30.', 178367.32, 'Estimated value for testing financial tracking.'),
  (150, 17, 30, 'Mentoring', 'Mentoring provided by partner 17 for event 30.', 133396.8, 'Estimated value for testing financial tracking.'),
  (151, 38, 30, 'Scholarship', 'Scholarship provided by partner 38 for event 30.', 43892.82, 'Estimated value for testing financial tracking.'),
  (152, 37, 30, 'Equipment', 'Equipment provided by partner 37 for event 30.', 229894.51, 'Estimated value for testing financial tracking.');
INSERT INTO Invoice (invoice_id, event_id, issue_date, amount, status, reference_number, notes) VALUES
  (1, 1, '2024-02-08', 213281.19, 'Paid', 'INV-2024-00001', 'Invoice for event 01.'),
  (2, 2, '2024-02-17', 42132.02, 'Paid', 'INV-2024-00002', 'Invoice for event 02.'),
  (3, 3, '2024-03-07', 337899.41, 'Paid', 'INV-2024-00003', 'Invoice for event 03.'),
  (4, 3, '2024-02-28', 123343.09, 'Paid', 'INV-2024-00004', 'Invoice for event 03.'),
  (5, 4, '2024-03-15', 339016.81, 'Paid', 'INV-2024-00005', 'Invoice for event 04.'),
  (6, 5, '2024-03-26', 115257.84, 'Paid', 'INV-2024-00006', 'Invoice for event 05.'),
  (7, 5, '2024-03-30', 286482.83, 'Paid', 'INV-2024-00007', 'Invoice for event 05.'),
  (8, 7, '2024-04-30', 41774.01, 'Paid', 'INV-2024-00008', 'Invoice for event 07.'),
  (9, 7, '2024-04-30', 133021.55, 'Unpaid', 'INV-2024-00009', 'Invoice for event 07.'),
  (10, 8, '2024-05-11', 332207.21, 'Paid', 'INV-2024-00010', 'Invoice for event 08.'),
  (11, 9, '2024-05-22', 36236.13, 'Paid', 'INV-2024-00011', 'Invoice for event 09.'),
  (12, 10, '2024-06-11', 22834.15, 'Unpaid', 'INV-2024-00012', 'Invoice for event 10.'),
  (13, 10, '2024-06-12', 54556.67, 'Paid', 'INV-2024-00013', 'Invoice for event 10.'),
  (14, 11, '2024-06-26', 285074.86, 'Unpaid', 'INV-2024-00014', 'Invoice for event 11.'),
  (15, 11, '2024-06-24', 24855.43, 'Paid', 'INV-2024-00015', 'Invoice for event 11.'),
  (16, 12, '2024-07-10', 106875.5, 'Paid', 'INV-2024-00016', 'Invoice for event 12.'),
  (17, 13, '2024-07-18', 115219.08, 'Paid', 'INV-2024-00017', 'Invoice for event 13.'),
  (18, 13, '2024-07-22', 317351.27, 'Unpaid', 'INV-2024-00018', 'Invoice for event 13.'),
  (19, 14, '2024-08-05', 166971.19, 'Unpaid', 'INV-2024-00019', 'Invoice for event 14.'),
  (20, 14, '2024-08-04', 180988.28, 'Paid', 'INV-2024-00020', 'Invoice for event 14.'),
  (21, 15, '2024-08-21', 57055.5, 'Unpaid', 'INV-2024-00021', 'Invoice for event 15.'),
  (22, 16, '2024-09-03', 327659.81, 'Paid', 'INV-2024-00022', 'Invoice for event 16.'),
  (23, 17, '2024-09-13', 38517.54, 'Unpaid', 'INV-2024-00023', 'Invoice for event 17.'),
  (24, 18, '2024-09-25', 292555.88, 'Unpaid', 'INV-2024-00024', 'Invoice for event 18.'),
  (25, 18, '2024-09-26', 287679.11, 'Paid', 'INV-2024-00025', 'Invoice for event 18.'),
  (26, 20, '2024-10-29', 137146.91, 'Paid', 'INV-2024-00026', 'Invoice for event 20.'),
  (27, 21, '2024-11-04', 118352.86, 'Unpaid', 'INV-2024-00027', 'Invoice for event 21.'),
  (28, 22, '2024-11-20', 56783.86, 'Unpaid', 'INV-2024-00028', 'Invoice for event 22.'),
  (29, 24, '2024-12-23', 162524.5, 'Unpaid', 'INV-2024-00029', 'Invoice for event 24.'),
  (30, 25, '2025-01-02', 293887.45, 'Paid', 'INV-2025-00030', 'Invoice for event 25.'),
  (31, 26, '2025-01-19', 47803.53, 'Unpaid', 'INV-2025-00031', 'Invoice for event 26.'),
  (32, 26, '2025-01-17', 51428.44, 'Unpaid', 'INV-2025-00032', 'Invoice for event 26.'),
  (33, 27, '2025-02-03', 31354.43, 'Paid', 'INV-2025-00033', 'Invoice for event 27.'),
  (34, 27, '2025-02-03', 212891.27, 'Unpaid', 'INV-2025-00034', 'Invoice for event 27.'),
  (35, 28, '2025-02-12', 109032.48, 'Unpaid', 'INV-2025-00035', 'Invoice for event 28.'),
  (36, 29, '2025-03-02', 73686.73, 'Paid', 'INV-2025-00036', 'Invoice for event 29.'),
  (37, 29, '2025-03-04', 341382.53, 'Unpaid', 'INV-2025-00037', 'Invoice for event 29.'),
  (38, 30, '2025-03-18', 198411.66, 'Paid', 'INV-2025-00038', 'Invoice for event 30.'),
  (39, 30, '2025-03-17', 24801.7, 'Paid', 'INV-2025-00039', 'Invoice for event 30.');
INSERT INTO Payment (invoice_id, payment_date, amount, payment_method, payment_reference) VALUES
  (1, '2024-03-07', 213281.19, 'Bank Transfer', 'PAY-00001-1266'),
  (2, '2024-03-15', 42132.02, 'Cash', 'PAY-00002-6649'),
  (3, '2024-03-27', 337899.41, 'E-Wallet', 'PAY-00003-2698'),
  (4, '2024-04-22', 123343.09, 'E-Wallet', 'PAY-00004-6447'),
  (5, '2024-03-28', 339016.81, 'Cash', 'PAY-00005-6772'),
  (6, '2024-05-04', 115257.84, 'Bank Transfer', 'PAY-00006-3868'),
  (7, '2024-05-27', 286482.83, 'E-Wallet', 'PAY-00007-8612'),
  (8, '2024-06-18', 41774.01, 'Bank Transfer', 'PAY-00008-3986'),
  (10, '2024-07-06', 332207.21, 'Cash', 'PAY-00010-2033'),
  (11, '2024-07-11', 36236.13, 'Bank Transfer', 'PAY-00011-1605'),
  (13, '2024-07-05', 54556.67, 'Cash', 'PAY-00013-1717'),
  (15, '2024-08-18', 24855.43, 'Cash', 'PAY-00015-1686'),
  (16, '2024-08-04', 106875.5, 'Bank Transfer', 'PAY-00016-9444'),
  (17, '2024-08-17', 115219.08, 'E-Wallet', 'PAY-00017-8756'),
  (20, '2024-08-25', 180988.28, 'Cash', 'PAY-00020-4131'),
  (22, '2024-09-26', 327659.81, 'Bank Transfer', 'PAY-00022-1783'),
  (25, '2024-11-25', 287679.11, 'E-Wallet', 'PAY-00025-6438'),
  (26, '2024-11-20', 137146.91, 'Cash', 'PAY-00026-7029'),
  (30, '2025-02-03', 293887.45, 'Bank Transfer', 'PAY-00030-8204'),
  (33, '2025-03-04', 31354.43, 'Bank Transfer', 'PAY-00033-4060'),
  (36, '2025-04-07', 73686.73, 'E-Wallet', 'PAY-00036-9151'),
  (38, '2025-04-15', 198411.66, 'E-Wallet', 'PAY-00038-5369'),
  (39, '2025-05-12', 24801.7, 'Cash', 'PAY-00039-7955');
INSERT INTO Feedback (feedback_id, event_id, rater_unit_id, rating, comments, feedback_date) VALUES
  (1, 1, 15, 5, 'Well-organized; would join again next year.', '2024-02-04'),
  (2, 2, 11, 3, 'Great collaboration and clear outcomes.', '2024-02-15'),
  (3, 2, 12, 3, 'Strong partner engagement; recommend follow-up.', '2024-02-27'),
  (4, 2, 15, 2, 'Participants requested more hands-on sessions.', '2024-02-27'),
  (5, 3, 16, 1, 'Participants requested more hands-on sessions.', '2024-03-09'),
  (6, 3, 15, 3, 'Participants requested more hands-on sessions.', '2024-02-28'),
  (7, 4, 14, 3, 'Excellent technical content and networking.', '2024-04-04'),
  (8, 5, 7, 1, 'Good event, but scheduling could improve.', '2024-04-14'),
  (9, 5, 16, 1, 'Good event, but scheduling could improve.', '2024-03-28'),
  (10, 5, 9, 3, 'Strong partner engagement; recommend follow-up.', '2024-04-07'),
  (11, 6, 3, 5, 'Good event, but scheduling could improve.', '2024-04-30'),
  (12, 6, 16, 3, 'Strong partner engagement; recommend follow-up.', '2024-04-23'),
  (13, 6, 4, 5, 'Good event, but scheduling could improve.', '2024-04-25'),
  (14, 7, 14, 3, 'Participants requested more hands-on sessions.', '2024-05-01'),
  (15, 7, 9, 1, 'Great collaboration and clear outcomes.', '2024-05-16'),
  (16, 8, 17, 5, 'Needs better communication before the event.', '2024-05-24'),
  (17, 9, 10, 3, 'Participants requested more hands-on sessions.', '2024-06-04'),
  (18, 10, 11, 4, 'Good event, but scheduling could improve.', '2024-06-07'),
  (19, 11, 4, 4, 'Good event, but scheduling could improve.', '2024-07-10'),
  (20, 12, 4, 3, 'Participants requested more hands-on sessions.', '2024-07-13'),
  (21, 12, 4, 5, 'Excellent technical content and networking.', '2024-07-11'),
  (22, 13, 7, 2, 'Well-organized; would join again next year.', '2024-07-27'),
  (23, 13, 18, 2, 'Great collaboration and clear outcomes.', '2024-07-22'),
  (24, 14, 9, 4, 'Great collaboration and clear outcomes.', '2024-08-10'),
  (25, 15, 20, 3, 'Needs better communication before the event.', '2024-08-30'),
  (26, 15, 6, 5, 'Great collaboration and clear outcomes.', '2024-08-15'),
  (27, 15, 11, 4, 'Participants requested more hands-on sessions.', '2024-09-05'),
  (28, 16, 18, 4, 'Well-organized; would join again next year.', '2024-09-09'),
  (29, 16, 20, 1, 'Good event, but scheduling could improve.', '2024-09-06'),
  (30, 17, 4, 4, 'Needs better communication before the event.', '2024-10-01'),
  (31, 17, 18, 3, 'Good event, but scheduling could improve.', '2024-10-04'),
  (32, 17, 19, 5, 'Good event, but scheduling could improve.', '2024-10-04'),
  (33, 18, 15, 5, 'Well-organized; would join again next year.', '2024-09-25'),
  (34, 19, 18, 2, 'Strong partner engagement; recommend follow-up.', '2024-10-13'),
  (35, 20, 12, 2, 'Strong partner engagement; recommend follow-up.', '2024-11-07'),
  (36, 21, 4, 3, 'Good event, but scheduling could improve.', '2024-11-25'),
  (37, 21, 19, 3, 'Good event, but scheduling could improve.', '2024-11-25'),
  (38, 22, 19, 1, 'Excellent technical content and networking.', '2024-12-09'),
  (39, 22, 7, 5, 'Excellent technical content and networking.', '2024-11-23'),
  (40, 23, 12, 5, 'Great collaboration and clear outcomes.', '2024-12-03'),
  (41, 24, 3, 5, 'Strong partner engagement; recommend follow-up.', '2025-01-06'),
  (42, 25, 20, 4, 'Excellent technical content and networking.', '2025-01-20'),
  (43, 26, 17, 5, 'Strong partner engagement; recommend follow-up.', '2025-02-03'),
  (44, 27, 17, 2, 'Well-organized; would join again next year.', '2025-02-18'),
  (45, 27, 14, 3, 'Needs better communication before the event.', '2025-01-30'),
  (46, 28, 3, 2, 'Needs better communication before the event.', '2025-02-24'),
  (47, 28, 17, 4, 'Good event, but scheduling could improve.', '2025-02-21'),
  (48, 28, 6, 3, 'Well-organized; would join again next year.', '2025-03-05'),
  (49, 29, 13, 4, 'Good event, but scheduling could improve.', '2025-03-21'),
  (50, 29, 13, 5, 'Excellent technical content and networking.', '2025-02-28'),
  (51, 30, 9, 4, 'Great collaboration and clear outcomes.', '2025-03-19'),
  (52, 30, 16, 2, 'Good event, but scheduling could improve.', '2025-03-14');
